{
  "accuracy": 0.47,
  "precision": 0.10204081632653061,
  "recall": 0.35714285714285715,
  "f1_score": 0.15873015873015872,
  "roc_auc": 0.40614617940199327,
  "sensitivity": 0.35714285714285715,
  "specificity": 0.4883720930232558
}